number,title,price
4,Never Let Me Go by Kazuo Ishiguro,रू 680
7,Killing Commendatore,"रू 1,440"
7,Killing Commendatore (Paperback) - Haruki Murakami,रू 768
8,Normal People By Sally Rooney ,रू 680
9,The Wind-Up Bird Chronicle By Haruki Murakami,रू 768
9,The Wind-Up Bird Chronicle By Haruki Murakami ,रू 768
9,The Wind-Up Bird Chronicle By Murakami Haruki,रू 816
10,The Midnight Library By Matt Haig,रू 816
11,Emma (Schuster),रू 320
11,Emma,रू 224
11,Lurella Cosmetics Emma 3D Mink Eye Lashes,"रू 1,500"
12,Animal Farm,रू 170
12,Animal Farm (Transworld),रू 200
12,Charkhutteko Gharjam (Animal Farm) - George Orwell,रू 140
12,Animal Farm By George Orwell,रू 200
12,Animal Farm By George Orwell,रू 200
12,"Buy 3 Get 1 Free (Death, Everything Is Fucked, The Subtle Art Of Not Giving A Fuck, Animal Farm)","रू 2,187"
13,All the Light We Cannot See,रू 640
13,All The Light We Cannot See (PB) - Anthony Doerr,रू 640
13,All The Light We Cannot See (Paperback) By Anthony Doerr ,रू 640
14,THE BOY IN THE STRIPED PYJAMAS JOHN BOYNE,रू 384
14,The Boy in the Striped Pyjamas By Boyne John,रू 476
